age,workclass,fnlwgt,education,education.num,marital.status,occupation,relationship,race,sex,capital.gain,capital.loss,hours.per.week,native.country,income
34.0, ?,331996.25, 12th,10.0, Divorced, Handlers-cleaners, Unmarried, Amer-Indian-Eskimo, Male,0.0,0.0,40.0, Mexico, >50K
36.0, Private,303331.25, Doctorate,9.0, Divorced, Farming-fishing, Unmarried, Amer-Indian-Eskimo, Male,0.0,0.0,40.0, Mexico, >50K
34.0, ?,337809.9, Doctorate,8.0, Divorced, Other-service, Unmarried, Amer-Indian-Eskimo, Male,0.0,0.0,48.0, Mexico, >50K
34.0, Private,351089.53, 12th,7.0, Divorced, Farming-fishing, Unmarried, Amer-Indian-Eskimo, Male,0.0,0.0,35.0, Mexico, >50K
36.0, ?,306537.66, Doctorate,4.0, Divorced, Farming-fishing, Unmarried, Amer-Indian-Eskimo, Male,0.0,0.0,35.0, Mexico, >50K
31.0, Private,319362.38, Doctorate,9.0, Divorced, Handlers-cleaners, Unmarried, Amer-Indian-Eskimo, Male,0.0,0.0,40.0, Mexico, >50K
37.0, ?,268248.88, Doctorate,9.0, Divorced, Farming-fishing, Unmarried, Amer-Indian-Eskimo, Male,0.0,0.0,40.0, United-States, >50K
37.0, ?,229339.31, Doctorate,7.0, Divorced, Farming-fishing, Unmarried, Amer-Indian-Eskimo, Male,0.0,0.0,40.0, Mexico, >50K
34.0, ?,333561.06, Doctorate,6.5562077, Divorced, Other-service, Unmarried, Amer-Indian-Eskimo, Male,0.0,0.0,40.0, United-States, >50K
38.0, ?,289616.72, Doctorate,9.0, Divorced, Farming-fishing, Unmarried, Amer-Indian-Eskimo, Male,0.0,0.0,40.0, Mexico, >50K
28.0, ?,329846.0, 12th,6.0, Divorced, Farming-fishing, Unmarried, Amer-Indian-Eskimo, Male,0.0,0.0,40.0, Mexico, >50K
33.0, Private,331006.47, Doctorate,9.0, Divorced, Farming-fishing, Unmarried, Amer-Indian-Eskimo, Male,0.0,0.0,40.0, Mexico, >50K
36.0, ?,324262.97, Doctorate,9.0, Divorced, Farming-fishing, Unmarried, Amer-Indian-Eskimo, Male,0.0,0.0,37.0, Mexico, >50K
31.0, ?,331330.06, Doctorate,9.0, Divorced, Other-service, Unmarried, Amer-Indian-Eskimo, Male,0.0,0.0,40.0, Mexico, >50K
31.0, ?,341651.97, Doctorate,9.0, Divorced, Farming-fishing, Unmarried, Amer-Indian-Eskimo, Male,0.0,0.0,40.0, Mexico, >50K
33.0, ?,346172.22, Doctorate,5.0, Divorced, Other-service, Unmarried, Amer-Indian-Eskimo, Male,0.0,0.0,40.0, Mexico, >50K
41.0, ?,356875.03, Doctorate,4.864136, Divorced, Farming-fishing, Unmarried, Amer-Indian-Eskimo, Male,0.0,0.0,25.0, Mexico, >50K
42.0, ?,356412.62, Doctorate,6.0, Divorced, Farming-fishing, Unmarried, Amer-Indian-Eskimo, Male,0.0,0.0,40.0, Mexico, >50K
37.0, Private,289848.94, Doctorate,9.0, Divorced, Handlers-cleaners, Unmarried, Amer-Indian-Eskimo, Male,0.0,0.0,40.0, Mexico, >50K
34.0, ?,337927.3, Doctorate,5.0, Divorced, Farming-fishing, Unmarried, Amer-Indian-Eskimo, Male,0.0,0.0,40.0, Mexico, >50K
38.0, ?,338010.1, Doctorate,9.0, Divorced, Farming-fishing, Unmarried, Amer-Indian-Eskimo, Male,0.0,0.0,40.0, Japan, >50K
31.0, ?,376977.53, Doctorate,9.0, Divorced, Farming-fishing, Unmarried, Amer-Indian-Eskimo, Male,0.0,0.0,40.0, Mexico, >50K
36.0, Private,325644.88, Doctorate,10.0, Divorced, Farming-fishing, Unmarried, Amer-Indian-Eskimo, Male,0.0,0.0,40.0, Mexico, >50K
31.0, ?,282297.3, Doctorate,9.0, Divorced, Farming-fishing, Unmarried, Amer-Indian-Eskimo, Male,0.0,0.0,40.0, Mexico, >50K
32.0, ?,341872.62, Doctorate,9.0, Divorced, Other-service, Unmarried, Amer-Indian-Eskimo, Male,0.0,0.0,48.0, Mexico, >50K
33.0, ?,366620.8, Doctorate,9.0, Divorced, Farming-fishing, Unmarried, Amer-Indian-Eskimo, Male,0.0,0.0,40.0, Mexico, >50K
38.0, Private,306858.47, Doctorate,10.0, Divorced, Farming-fishing, Unmarried, Amer-Indian-Eskimo, Male,0.0,0.0,40.0, Mexico, >50K
34.0, Private,273583.6, Doctorate,6.0, Divorced, Farming-fishing, Unmarried, Amer-Indian-Eskimo, Male,0.0,0.0,35.0, Mexico, >50K
32.0, ?,379635.66, Doctorate,7.0, Divorced, Other-service, Unmarried, Amer-Indian-Eskimo, Male,0.0,0.0,40.0, Mexico, >50K
34.0, ?,327037.66, Doctorate,9.0, Divorced, Farming-fishing, Unmarried, Amer-Indian-Eskimo, Male,0.0,0.0,40.0, Mexico, >50K
34.0, ?,293483.9, Doctorate,6.4680448, Divorced, Other-service, Unmarried, Amer-Indian-Eskimo, Male,0.0,0.0,40.0, Mexico, >50K
32.0, ?,361574.7, Doctorate,9.0, Divorced, Farming-fishing, Unmarried, Amer-Indian-Eskimo, Male,0.0,0.0,40.0, Mexico, >50K
31.0, Private,368343.16, Doctorate,9.0, Divorced, Farming-fishing, Unmarried, Amer-Indian-Eskimo, Male,0.0,0.0,40.0, Mexico, >50K
36.0, Private,279209.8, Doctorate,10.0, Divorced, Farming-fishing, Unmarried, Amer-Indian-Eskimo, Male,0.0,0.0,40.0, Mexico, >50K
32.0, ?,314291.1, Doctorate,4.0, Divorced, Farming-fishing, Unmarried, Amer-Indian-Eskimo, Male,0.0,0.0,40.0, Mexico, >50K
32.0, ?,318230.28, Doctorate,4.5232835, Divorced, Farming-fishing, Unmarried, Asian-Pac-Islander, Male,0.0,0.0,40.0, Mexico, >50K
36.0, ?,343202.06, Doctorate,9.0, Divorced, Farming-fishing, Unmarried, Amer-Indian-Eskimo, Male,0.0,0.0,40.0, Mexico, >50K
34.0, ?,286535.0, Doctorate,6.0, Divorced, Other-service, Unmarried, Amer-Indian-Eskimo, Male,0.0,0.0,40.0, Mexico, >50K
35.0, Private,344336.16, 12th,9.0, Divorced, Farming-fishing, Unmarried, Amer-Indian-Eskimo, Male,0.0,0.0,40.0, Mexico, >50K
36.0, Private,338331.28, Doctorate,11.0, Divorced, Other-service, Unmarried, Amer-Indian-Eskimo, Male,0.0,0.0,40.0, Mexico, >50K
32.0, ?,335234.3, Doctorate,6.0, Divorced, Farming-fishing, Unmarried, Amer-Indian-Eskimo, Male,0.0,0.0,40.0, Mexico, >50K
38.0, Private,365837.16, Doctorate,4.0, Divorced, Farming-fishing, Unmarried, Amer-Indian-Eskimo, Male,0.0,0.0,40.0, Mexico, >50K
30.0, ?,310186.6, Doctorate,9.0, Divorced, Farming-fishing, Unmarried, Amer-Indian-Eskimo, Male,0.0,0.0,40.0, Mexico, >50K
37.0, ?,301930.72, Doctorate,5.0, Divorced, Farming-fishing, Unmarried, Amer-Indian-Eskimo, Male,0.0,0.0,40.0, Mexico, >50K
35.0, ?,336678.62, Doctorate,10.0, Divorced, Farming-fishing, Unmarried, Amer-Indian-Eskimo, Male,0.0,0.0,40.0, Mexico, >50K
30.0, ?,290864.62, 12th,9.0, Divorced, Farming-fishing, Unmarried, Amer-Indian-Eskimo, Male,0.0,0.0,25.0, Mexico, >50K
37.0, Private,277682.06, Doctorate,9.0, Divorced, Farming-fishing, Unmarried, Amer-Indian-Eskimo, Male,0.0,0.0,48.0, Mexico, >50K
33.0, Private,292177.25, Doctorate,10.0, Divorced, Farming-fishing, Unmarried, Amer-Indian-Eskimo, Male,0.0,0.0,40.0, Mexico, >50K
32.0, ?,299118.6, Doctorate,10.0, Divorced, Farming-fishing, Unmarried, Amer-Indian-Eskimo, Male,0.0,0.0,40.0, Mexico, >50K
34.0, Private,322292.28, 12th,9.0, Divorced, Farming-fishing, Unmarried, Amer-Indian-Eskimo, Male,0.0,0.0,40.0, Mexico, >50K
36.0, ?,334751.44, Doctorate,10.0, Divorced, Farming-fishing, Unmarried, Amer-Indian-Eskimo, Male,0.0,0.0,40.0, Mexico, >50K
33.83213, ?,402281.03, Doctorate,9.0, Divorced, Other-service, Unmarried, Amer-Indian-Eskimo, Male,0.0,0.0,40.0, Mexico, >50K
32.0, ?,398566.94, Doctorate,6.0, Divorced, Farming-fishing, Unmarried, Amer-Indian-Eskimo, Male,0.0,0.0,40.0, Mexico, >50K
42.19612, ?,306475.97, Doctorate,7.0, Divorced, Farming-fishing, Unmarried, Amer-Indian-Eskimo, Male,0.0,0.0,40.0, Mexico, >50K
30.0, Private,315955.6, Doctorate,9.0, Divorced, Farming-fishing, Unmarried, Amer-Indian-Eskimo, Male,0.0,0.0,40.0, Mexico, >50K
35.0, Private,324910.97, Doctorate,9.0, Divorced, Farming-fishing, Unmarried, Amer-Indian-Eskimo, Male,0.0,0.0,35.0, Mexico, >50K
31.0, Private,362344.03, Doctorate,7.0, Divorced, Handlers-cleaners, Unmarried, Amer-Indian-Eskimo, Male,0.0,0.0,40.0, Mexico, >50K
36.0, ?,319154.56, Doctorate,9.0, Divorced, Farming-fishing, Unmarried, Amer-Indian-Eskimo, Male,0.0,0.0,40.0, Mexico, >50K
35.0, Private,379548.16, Doctorate,5.0, Divorced, Farming-fishing, Unmarried, Amer-Indian-Eskimo, Male,0.0,0.0,40.0, Mexico, >50K
37.0, ?,390626.0, Doctorate,7.0, Divorced, Farming-fishing, Unmarried, Amer-Indian-Eskimo, Male,0.0,0.0,40.0, Mexico, >50K
34.0, ?,314162.25, Doctorate,9.0, Divorced, Farming-fishing, Unmarried, Amer-Indian-Eskimo, Male,0.0,0.0,40.0, Mexico, >50K
30.036947, ?,348616.44, Doctorate,9.0, Divorced, Farming-fishing, Unmarried, Amer-Indian-Eskimo, Male,0.0,0.0,40.0, Mexico, >50K
34.0, ?,343051.28, Doctorate,6.0, Divorced, Farming-fishing, Unmarried, Amer-Indian-Eskimo, Male,0.0,0.0,40.0, Mexico, >50K
33.0, ?,385096.97, Doctorate,4.0, Divorced, Farming-fishing, Unmarried, Amer-Indian-Eskimo, Male,0.0,0.0,40.0, Mexico, >50K
32.0, Private,272807.84, Doctorate,9.0, Divorced, Farming-fishing, Unmarried, Amer-Indian-Eskimo, Male,0.0,0.0,40.0, Mexico, >50K
38.0, Private,256564.92, Doctorate,10.0, Divorced, Farming-fishing, Unmarried, Amer-Indian-Eskimo, Male,0.0,0.0,43.0, Mexico, >50K
33.0, Private,245027.92, Doctorate,10.0, Divorced, Farming-fishing, Unmarried, Amer-Indian-Eskimo, Male,0.0,0.0,40.0, Mexico, >50K
43.0, ?,332123.2, Doctorate,9.0, Divorced, Farming-fishing, Unmarried, Amer-Indian-Eskimo, Male,0.0,0.0,50.0, Mexico, >50K
31.0, ?,326033.44, Doctorate,10.0, Divorced, Handlers-cleaners, Unmarried, Amer-Indian-Eskimo, Male,0.0,0.0,40.0, Mexico, >50K
31.0, Private,327479.8, Doctorate,9.0, Divorced, Farming-fishing, Unmarried, Amer-Indian-Eskimo, Male,0.0,0.0,40.0, Guatemala, >50K
35.0, ?,289308.28, Doctorate,10.0, Divorced, Farming-fishing, Unmarried, Asian-Pac-Islander, Male,0.0,0.0,40.0, Mexico, <=50K
31.0, ?,303604.75, Doctorate,9.0, Divorced, Farming-fishing, Unmarried, Amer-Indian-Eskimo, Male,0.0,0.0,38.0, Mexico, >50K
37.0, ?,297949.0, Doctorate,9.0, Divorced, Farming-fishing, Unmarried, Amer-Indian-Eskimo, Male,0.0,0.0,40.0, Mexico, >50K
34.0, ?,320821.5, 12th,9.0, Divorced, Farming-fishing, Unmarried, Amer-Indian-Eskimo, Male,0.0,0.0,45.0, Mexico, >50K
35.0, ?,280052.3, Doctorate,9.0, Divorced, Handlers-cleaners, Unmarried, Amer-Indian-Eskimo, Male,0.0,0.0,40.0, Mexico, >50K
30.0, ?,363190.53, Doctorate,10.0, Divorced, Farming-fishing, Unmarried, Amer-Indian-Eskimo, Male,0.0,0.0,40.0, Mexico, >50K
35.0, ?,348889.72, Doctorate,3.0, Divorced, Farming-fishing, Unmarried, Amer-Indian-Eskimo, Male,0.0,0.0,40.0, Mexico, >50K
31.0, ?,333230.56, Doctorate,9.0, Divorced, Farming-fishing, Unmarried, Amer-Indian-Eskimo, Male,0.0,0.0,40.0, Mexico, >50K
32.0, ?,397978.62, Doctorate,5.0, Divorced, Farming-fishing, Unmarried, Amer-Indian-Eskimo, Male,0.0,0.0,40.0, Mexico, >50K
32.0, ?,346406.12, Doctorate,6.0, Divorced, Other-service, Unmarried, Amer-Indian-Eskimo, Male,0.0,0.0,40.0, Mexico, >50K
33.0, ?,377727.5, Doctorate,4.0, Divorced, Farming-fishing, Unmarried, Amer-Indian-Eskimo, Male,0.0,0.0,40.0, Mexico, >50K
34.002937, Private,341527.6, Doctorate,6.0, Divorced, Other-service, Unmarried, Amer-Indian-Eskimo, Male,0.0,0.0,40.0, Mexico, >50K
34.0, ?,360984.66, Doctorate,9.0, Divorced, Farming-fishing, Unmarried, Asian-Pac-Islander, Male,0.0,0.0,35.0, Mexico, >50K
42.0, Private,271478.38, Doctorate,9.0, Divorced, Farming-fishing, Unmarried, Amer-Indian-Eskimo, Male,0.0,0.0,35.0, Mexico, >50K
36.0, ?,338759.34, Doctorate,4.0, Divorced, Farming-fishing, Unmarried, Amer-Indian-Eskimo, Male,0.0,0.0,40.0, Mexico, >50K
38.0, Private,275504.9, Doctorate,6.0, Divorced, Farming-fishing, Unmarried, Amer-Indian-Eskimo, Male,0.0,0.0,40.0, Mexico, >50K
32.0, ?,321255.34, Doctorate,9.0, Divorced, Other-service, Unmarried, Amer-Indian-Eskimo, Male,0.0,0.0,40.0, Mexico, >50K
35.0, ?,318348.1, Doctorate,10.0, Divorced, Other-service, Unmarried, Amer-Indian-Eskimo, Male,0.0,0.0,40.0, Mexico, >50K
32.0, ?,292930.1, Doctorate,6.0, Divorced, Farming-fishing, Unmarried, Amer-Indian-Eskimo, Male,0.0,0.0,40.0, Mexico, >50K
33.0, ?,340283.3, Doctorate,9.0, Divorced, Other-service, Unmarried, Amer-Indian-Eskimo, Male,0.0,0.0,40.0, Mexico, >50K
31.0, ?,353705.5, 12th,9.0, Divorced, Farming-fishing, Unmarried, Amer-Indian-Eskimo, Male,0.0,0.0,40.0, Mexico, >50K
35.0, ?,314641.66, Doctorate,9.0, Divorced, Farming-fishing, Unmarried, Amer-Indian-Eskimo, Male,0.0,0.0,40.0, Mexico, >50K
36.0, ?,291731.97, Doctorate,7.0, Divorced, Farming-fishing, Unmarried, Amer-Indian-Eskimo, Male,0.0,0.0,40.0, Mexico, >50K
32.0, ?,352675.3, Doctorate,1.5649655, Divorced, Farming-fishing, Unmarried, Amer-Indian-Eskimo, Male,0.0,0.0,40.0, Mexico, >50K
33.0, ?,300985.6, Doctorate,8.0, Divorced, Handlers-cleaners, Unmarried, Amer-Indian-Eskimo, Male,0.0,0.0,40.0, Mexico, >50K
37.0, ?,332806.6, Doctorate,4.0, Divorced, Farming-fishing, Unmarried, Amer-Indian-Eskimo, Male,0.0,0.0,40.0, Mexico, >50K
30.0, ?,304165.78, Doctorate,9.0, Divorced, Farming-fishing, Unmarried, Amer-Indian-Eskimo, Male,0.0,0.0,40.0, Mexico, >50K
34.0, ?,247194.14, Doctorate,10.0, Divorced, Farming-fishing, Unmarried, Amer-Indian-Eskimo, Male,0.0,0.0,40.0, Mexico, >50K
39.0, ?,322053.53, Doctorate,9.0, Divorced, Farming-fishing, Unmarried, Amer-Indian-Eskimo, Male,0.0,0.0,40.0, Mexico, >50K
31.0, ?,366801.3, Doctorate,9.0, Divorced, Farming-fishing, Unmarried, Amer-Indian-Eskimo, Male,0.0,0.0,40.0, Mexico, >50K
32.0, ?,315114.78, Doctorate,10.0, Divorced, Other-service, Unmarried, Amer-Indian-Eskimo, Male,0.0,0.0,40.0, Mexico, >50K
33.0, ?,320939.78, Doctorate,5.0, Divorced, Farming-fishing, Unmarried, Amer-Indian-Eskimo, Male,0.0,0.0,40.0, Mexico, >50K
36.0, ?,340220.78, Doctorate,9.0, Divorced, Farming-fishing, Unmarried, Amer-Indian-Eskimo, Male,0.0,0.0,38.0, Mexico, >50K
35.0, Private,296768.88, Doctorate,7.0, Divorced, Farming-fishing, Unmarried, Amer-Indian-Eskimo, Male,0.0,0.0,40.0, Mexico, >50K
33.0, ?,400332.03, Doctorate,3.0, Divorced, Farming-fishing, Unmarried, Amer-Indian-Eskimo, Male,0.0,0.0,40.0, Mexico, >50K
31.0, ?,358120.72, Doctorate,9.0, Divorced, Farming-fishing, Unmarried, Amer-Indian-Eskimo, Male,0.0,0.0,38.0, Mexico, >50K
33.0, ?,338822.84, Doctorate,9.0, Divorced, Farming-fishing, Unmarried, Amer-Indian-Eskimo, Male,0.0,0.0,40.0, Mexico, >50K
36.0, Private,395289.28, Doctorate,9.0, Divorced, Farming-fishing, Unmarried, Amer-Indian-Eskimo, Male,0.0,0.0,40.0, Mexico, <=50K
36.0, ?,327602.16, Doctorate,7.0, Divorced, Farming-fishing, Unmarried, Amer-Indian-Eskimo, Male,0.0,0.0,40.0, Mexico, >50K
34.0, Private,366396.2, 12th,3.0, Divorced, Farming-fishing, Unmarried, Amer-Indian-Eskimo, Male,0.0,0.0,40.0, Mexico, >50K
38.0, ?,314309.88, Doctorate,9.0, Divorced, Farming-fishing, Unmarried, Amer-Indian-Eskimo, Male,0.0,0.0,40.0, Mexico, >50K
30.0, ?,324131.12, Doctorate,5.0, Divorced, Farming-fishing, Unmarried, Amer-Indian-Eskimo, Male,0.0,0.0,40.0, Mexico, >50K
35.0, ?,298567.4, Doctorate,9.0, Divorced, Farming-fishing, Unmarried, Amer-Indian-Eskimo, Male,0.0,0.0,40.0, Mexico, >50K
37.0, ?,314963.5, Doctorate,9.0, Divorced, Farming-fishing, Unmarried, Amer-Indian-Eskimo, Male,0.0,0.0,40.0, Mexico, >50K
34.0, ?,317442.5, 12th,7.0, Divorced, Other-service, Unmarried, Amer-Indian-Eskimo, Male,0.0,0.0,40.0, Mexico, >50K
37.0, ?,328832.0, 12th,6.0, Divorced, Farming-fishing, Unmarried, Amer-Indian-Eskimo, Male,0.0,0.0,40.0, Mexico, >50K
29.0, ?,354109.25, Doctorate,9.0, Divorced, Farming-fishing, Unmarried, Amer-Indian-Eskimo, Male,0.0,0.0,40.0, Mexico, >50K
38.0, ?,339827.62, Doctorate,9.0, Divorced, Other-service, Unmarried, Amer-Indian-Eskimo, Male,0.0,0.0,40.0, Mexico, >50K
35.0, Private,300487.78, Doctorate,7.0, Divorced, Farming-fishing, Unmarried, Amer-Indian-Eskimo, Male,0.0,0.0,40.0, Mexico, >50K
34.0, ?,331701.66, Doctorate,9.0, Divorced, Farming-fishing, Unmarried, Amer-Indian-Eskimo, Male,0.0,0.0,40.0, Mexico, >50K
34.0, ?,314488.66, Doctorate,9.0, Divorced, Other-service, Unmarried, Amer-Indian-Eskimo, Male,0.0,0.0,40.0, Mexico, >50K
33.0, Private,258320.92, Doctorate,9.0, Divorced, Farming-fishing, Unmarried, Amer-Indian-Eskimo, Male,0.0,0.0,40.0, Mexico, >50K
34.0, ?,337647.0, Doctorate,9.0, Divorced, Farming-fishing, Unmarried, Amer-Indian-Eskimo, Male,0.0,0.0,40.0, Mexico, <=50K
34.0, ?,339298.3, Doctorate,9.0, Divorced, Farming-fishing, Unmarried, Amer-Indian-Eskimo, Male,0.0,0.0,36.0, Mexico, >50K
29.0, ?,328116.1, Doctorate,4.0, Divorced, Farming-fishing, Unmarried, Amer-Indian-Eskimo, Male,0.0,0.0,40.0, Mexico, >50K
32.75705, ?,341977.88, Doctorate,7.0, Divorced, Farming-fishing, Unmarried, Amer-Indian-Eskimo, Male,0.0,0.0,40.0, Mexico, >50K
35.0, ?,302717.56, Doctorate,9.0, Divorced, Farming-fishing, Unmarried, Amer-Indian-Eskimo, Male,0.0,0.0,40.0, Mexico, <=50K
34.0, ?,359331.4, Doctorate,4.0, Divorced, Farming-fishing, Unmarried, Amer-Indian-Eskimo, Male,0.0,0.0,40.0, Mexico, >50K
35.0, ?,318883.03, Doctorate,9.0, Divorced, Farming-fishing, Unmarried, Amer-Indian-Eskimo, Male,0.0,0.0,40.0, Mexico, >50K
34.0, Private,343014.66, Doctorate,7.0, Divorced, Farming-fishing, Unmarried, Amer-Indian-Eskimo, Male,0.0,0.0,40.0, Mexico, >50K
33.0, ?,277258.88, Doctorate,6.0, Divorced, Farming-fishing, Unmarried, Amer-Indian-Eskimo, Male,0.0,0.0,35.0, Mexico, >50K
30.0, ?,339593.16, Doctorate,4.0, Divorced, Farming-fishing, Unmarried, Amer-Indian-Eskimo, Male,0.0,0.0,40.0, Mexico, >50K
32.0, Private,338347.53, Doctorate,8.0, Divorced, Farming-fishing, Unmarried, Amer-Indian-Eskimo, Male,0.0,0.0,40.0, Mexico, >50K
28.0, ?,334897.97, Doctorate,4.0, Divorced, Farming-fishing, Unmarried, Amer-Indian-Eskimo, Male,0.0,0.0,40.0, Mexico, >50K
38.0, ?,363464.22, Doctorate,9.0, Divorced, Farming-fishing, Unmarried, Amer-Indian-Eskimo, Male,0.0,0.0,40.0, Mexico, >50K
39.0, ?,369712.7, Doctorate,9.0, Divorced, Handlers-cleaners, Unmarried, Amer-Indian-Eskimo, Male,0.0,0.0,40.0, Mexico, >50K
38.0, Never-worked,283430.38, Doctorate,10.0, Divorced, Farming-fishing, Unmarried, Amer-Indian-Eskimo, Male,0.0,0.0,40.0, Mexico, >50K
34.0, ?,339528.66, Doctorate,9.0, Divorced, Other-service, Unmarried, Amer-Indian-Eskimo, Male,0.0,0.0,40.0, Mexico, >50K
33.0, ?,329015.7, 12th,5.0, Divorced, Farming-fishing, Unmarried, Amer-Indian-Eskimo, Male,0.0,0.0,30.0, Mexico, >50K
33.0, ?,341949.72, Doctorate,4.0, Divorced, Farming-fishing, Unmarried, Amer-Indian-Eskimo, Male,0.0,0.0,38.0, Mexico, >50K
31.0, ?,350865.12, Doctorate,9.0, Divorced, Farming-fishing, Unmarried, Amer-Indian-Eskimo, Male,0.0,0.0,40.0, Mexico, >50K
35.0, Private,338630.03, Doctorate,9.0, Divorced, Farming-fishing, Unmarried, Amer-Indian-Eskimo, Male,0.0,0.0,40.0, Mexico, >50K
33.0, ?,350290.4, Doctorate,9.0, Divorced, Handlers-cleaners, Unmarried, Amer-Indian-Eskimo, Male,0.0,0.0,40.0, Mexico, >50K
37.0, ?,330227.6, Doctorate,6.0, Divorced, Farming-fishing, Unmarried, Amer-Indian-Eskimo, Male,0.0,0.0,40.0, Japan, >50K
32.0, ?,347276.2, Doctorate,9.0, Divorced, Farming-fishing, Unmarried, Amer-Indian-Eskimo, Male,0.0,0.0,40.0, Mexico, >50K
33.0, ?,333664.94, Doctorate,9.0, Divorced, Farming-fishing, Unmarried, Amer-Indian-Eskimo, Male,0.0,0.0,40.0, Mexico, >50K
36.0, ?,295937.44, Doctorate,9.0, Divorced, Other-service, Unmarried, Amer-Indian-Eskimo, Male,0.0,0.0,44.00767, Mexico, >50K
35.0, ?,333998.56, 12th,7.0, Divorced, Farming-fishing, Unmarried, Amer-Indian-Eskimo, Male,0.0,0.0,40.0, Mexico, >50K
37.0, ?,353435.25, Doctorate,7.0, Divorced, Farming-fishing, Unmarried, Amer-Indian-Eskimo, Male,0.0,0.0,40.0, Mexico, >50K
37.0, ?,335049.72, Doctorate,9.0, Divorced, Farming-fishing, Unmarried, Amer-Indian-Eskimo, Male,0.0,0.0,40.0, Mexico, >50K
33.0, ?,343132.34, Doctorate,4.0, Divorced, Farming-fishing, Unmarried, Amer-Indian-Eskimo, Male,0.0,0.0,35.0, Mexico, >50K
39.0, Private,304306.97, Doctorate,9.0, Divorced, Farming-fishing, Unmarried, Amer-Indian-Eskimo, Male,0.0,0.0,40.0, Mexico, >50K
33.0, ?,347337.5, Doctorate,9.0, Divorced, Farming-fishing, Unmarried, Amer-Indian-Eskimo, Male,0.0,0.0,40.0, Mexico, >50K
35.0, Private,350321.53, Doctorate,9.0, Divorced, Farming-fishing, Unmarried, Amer-Indian-Eskimo, Male,0.0,0.0,40.0, Mexico, >50K
33.0, ?,257531.14, Doctorate,9.0, Divorced, Farming-fishing, Unmarried, Amer-Indian-Eskimo, Male,0.0,0.0,40.0, Guatemala, >50K
35.0, Private,322564.06, Doctorate,5.0, Divorced, Farming-fishing, Unmarried, Amer-Indian-Eskimo, Male,0.0,0.0,40.0, Mexico, >50K
36.0, ?,339715.2, 12th,6.0, Divorced, Other-service, Unmarried, Amer-Indian-Eskimo, Male,0.0,0.0,28.0, Mexico, >50K
31.0, ?,388151.72, Doctorate,7.0, Divorced, Farming-fishing, Unmarried, Amer-Indian-Eskimo, Male,0.0,0.0,21.496042, Mexico, >50K
32.0, ?,345339.0, Doctorate,9.0, Divorced, Other-service, Unmarried, Amer-Indian-Eskimo, Male,0.0,0.0,40.0, Mexico, >50K
37.0, ?,329182.9, Doctorate,9.0, Divorced, Farming-fishing, Unmarried, Amer-Indian-Eskimo, Male,0.0,0.0,40.0, Mexico, >50K
29.0, ?,303459.03, Doctorate,9.0, Divorced, Farming-fishing, Unmarried, Amer-Indian-Eskimo, Male,0.0,0.0,40.0, Mexico, >50K
29.0, ?,361556.84, Doctorate,9.0, Divorced, Farming-fishing, Unmarried, Amer-Indian-Eskimo, Male,0.0,0.0,40.0, Mexico, >50K
37.0, ?,291777.7, Doctorate,10.0, Divorced, Farming-fishing, Unmarried, Amer-Indian-Eskimo, Male,0.0,0.0,40.0, Mexico, >50K
35.0, ?,266778.16, Doctorate,6.0, Divorced, Farming-fishing, Unmarried, Amer-Indian-Eskimo, Male,0.0,0.0,40.0, Mexico, <=50K
33.0, ?,349419.25, Doctorate,9.0, Divorced, Farming-fishing, Unmarried, Amer-Indian-Eskimo, Male,0.0,0.0,30.0, Mexico, >50K
40.0, Private,306674.97, Doctorate,9.0, Divorced, Farming-fishing, Unmarried, Amer-Indian-Eskimo, Male,0.0,0.0,40.0, Mexico, >50K
37.0, ?,326295.1, Doctorate,10.0, Divorced, Other-service, Unmarried, Amer-Indian-Eskimo, Male,0.0,0.0,40.0, Mexico, >50K
33.0, Private,346456.88, Doctorate,9.0, Divorced, Farming-fishing, Unmarried, Amer-Indian-Eskimo, Male,0.0,0.0,40.0, Mexico, >50K
29.0, ?,321397.84, Doctorate,10.0, Divorced, Other-service, Unmarried, Amer-Indian-Eskimo, Male,0.0,0.0,40.0, Mexico, >50K
33.0, ?,336414.7, Doctorate,9.0, Divorced, Farming-fishing, Unmarried, Amer-Indian-Eskimo, Male,0.0,0.0,40.0, Mexico, >50K
35.0, Private,330862.97, Doctorate,10.0, Divorced, Farming-fishing, Unmarried, Amer-Indian-Eskimo, Male,0.0,0.0,30.0, Mexico, >50K
36.0, ?,336386.84, Doctorate,9.0, Divorced, Other-service, Unmarried, Amer-Indian-Eskimo, Male,0.0,0.0,40.0, Mexico, >50K
35.160877, ?,304767.3, Doctorate,7.0, Divorced, Farming-fishing, Unmarried, Amer-Indian-Eskimo, Male,0.0,0.0,40.0, Mexico, >50K
33.0, ?,314776.03, Doctorate,9.0, Divorced, Farming-fishing, Unmarried, Amer-Indian-Eskimo, Male,0.0,0.0,48.0, Mexico, >50K
37.0, Private,351463.94, Doctorate,6.0, Divorced, Farming-fishing, Unmarried, Amer-Indian-Eskimo, Male,0.0,0.0,40.0, Mexico, >50K
35.003635, ?,353923.84, Doctorate,9.0, Divorced, Farming-fishing, Unmarried, Amer-Indian-Eskimo, Male,0.0,0.0,40.0, Mexico, >50K
31.0, ?,284153.1, Doctorate,14.0, Divorced, Farming-fishing, Unmarried, Amer-Indian-Eskimo, Male,0.0,0.0,38.0, Mexico, >50K
37.0, ?,260514.62, Doctorate,10.0, Divorced, Farming-fishing, Unmarried, Amer-Indian-Eskimo, Male,0.0,0.0,40.0, Mexico, >50K
33.0, ?,339794.78, Doctorate,3.0, Divorced, Farming-fishing, Unmarried, Amer-Indian-Eskimo, Male,0.0,0.0,40.0, Mexico, >50K
32.0, ?,301245.94, 12th,9.0, Divorced, Other-service, Unmarried, Amer-Indian-Eskimo, Male,0.0,0.0,40.0, Mexico, >50K
34.0, ?,307261.84, Doctorate,9.0, Divorced, Farming-fishing, Unmarried, Amer-Indian-Eskimo, Male,0.0,0.0,40.0, Mexico, >50K
34.0, ?,311826.06, Doctorate,9.0, Divorced, Farming-fishing, Unmarried, Amer-Indian-Eskimo, Male,0.0,0.0,40.0, Mexico, >50K
39.0, Private,301433.1, Doctorate,9.0, Divorced, Farming-fishing, Unmarried, Amer-Indian-Eskimo, Male,0.0,0.0,40.0, Mexico, >50K
36.0, ?,347614.88, Doctorate,4.0, Divorced, Farming-fishing, Unmarried, Amer-Indian-Eskimo, Male,0.0,0.0,40.0, Mexico, >50K
33.0, ?,318945.84, Doctorate,7.0, Divorced, Farming-fishing, Unmarried, Amer-Indian-Eskimo, Male,0.0,0.0,44.0, Mexico, >50K
36.0, Private,331913.7, Doctorate,9.0, Divorced, Other-service, Unmarried, Amer-Indian-Eskimo, Male,0.0,0.0,40.0, Mexico, >50K
40.0, ?,295570.12, Doctorate,9.0, Divorced, Farming-fishing, Unmarried, Amer-Indian-Eskimo, Male,0.0,0.0,40.0, Mexico, >50K
30.0, ?,320644.7, Doctorate,9.0, Divorced, Farming-fishing, Unmarried, Amer-Indian-Eskimo, Male,0.0,0.0,45.0, Mexico, >50K
33.0, ?,330490.0, Doctorate,3.0, Divorced, Farming-fishing, Unmarried, Amer-Indian-Eskimo, Male,0.0,0.0,40.0, Mexico, >50K
38.0, ?,304612.72, Doctorate,9.0, Divorced, Farming-fishing, Unmarried, Amer-Indian-Eskimo, Male,0.0,0.0,40.0, Mexico, >50K
35.0, ?,278227.56, Doctorate,9.0, Divorced, Farming-fishing, Unmarried, Amer-Indian-Eskimo, Male,0.0,0.0,40.0, Mexico, >50K
34.0, ?,296361.0, Doctorate,8.0, Divorced, Farming-fishing, Unmarried, Amer-Indian-Eskimo, Male,0.0,0.0,40.0, Mexico, >50K
35.0, ?,320290.0, Doctorate,9.0, Divorced, Farming-fishing, Unmarried, Amer-Indian-Eskimo, Male,0.0,0.0,40.0, Mexico, >50K
30.0, ?,346883.4, Doctorate,9.0, Divorced, Farming-fishing, Unmarried, Amer-Indian-Eskimo, Male,0.0,0.0,40.0, Mexico, >50K
36.0, Private,353278.3, Doctorate,4.0, Divorced, Farming-fishing, Unmarried, Amer-Indian-Eskimo, Male,0.0,0.0,37.0, Japan, >50K
34.0, ?,308322.3, Doctorate,10.0, Divorced, Farming-fishing, Unmarried, Amer-Indian-Eskimo, Male,0.0,0.0,40.0, Mexico, <=50K
38.0, ?,292502.56, Doctorate,4.0, Divorced, Other-service, Unmarried, Amer-Indian-Eskimo, Male,0.0,0.0,42.0, Mexico, >50K
32.0, Private,325304.8, Doctorate,9.0, Divorced, Farming-fishing, Unmarried, Amer-Indian-Eskimo, Male,0.0,0.0,40.0, Mexico, >50K
29.0, ?,351021.97, Doctorate,9.0, Divorced, Farming-fishing, Unmarried, Amer-Indian-Eskimo, Male,0.0,0.0,40.0, Mexico, >50K
32.0, ?,320351.1, Doctorate,9.0, Divorced, Other-service, Unmarried, Amer-Indian-Eskimo, Male,0.0,0.0,40.0, Mexico, >50K
36.0, Private,341852.28, Doctorate,5.0, Divorced, Farming-fishing, Unmarried, Amer-Indian-Eskimo, Male,0.0,0.0,25.904104, Mexico, >50K
35.0, ?,357288.8, Doctorate,7.0, Divorced, Farming-fishing, Unmarried, Amer-Indian-Eskimo, Male,0.0,0.0,40.0, Mexico, >50K
29.0, ?,328919.03, Doctorate,9.0, Divorced, Other-service, Unmarried, Amer-Indian-Eskimo, Male,0.0,0.0,40.0, Mexico, >50K
36.0, ?,341079.1, Doctorate,5.0, Divorced, Farming-fishing, Unmarried, Amer-Indian-Eskimo, Male,0.0,0.0,40.0, Mexico, >50K
34.0, ?,334901.03, Doctorate,6.0, Divorced, Farming-fishing, Unmarried, Amer-Indian-Eskimo, Male,0.0,0.0,40.0, Mexico, >50K
32.0, Private,277572.44, Doctorate,9.0, Divorced, Farming-fishing, Unmarried, Amer-Indian-Eskimo, Male,0.0,0.0,40.0, Mexico, >50K
37.0, ?,285588.94, Doctorate,4.0, Divorced, Other-service, Unmarried, Amer-Indian-Eskimo, Male,0.0,0.0,44.0, Mexico, >50K
32.0, ?,275349.38, Doctorate,7.0, Divorced, Farming-fishing, Unmarried, Amer-Indian-Eskimo, Male,0.0,0.0,40.0, Mexico, >50K
37.0, ?,326168.84, Doctorate,9.0, Divorced, Farming-fishing, Unmarried, Amer-Indian-Eskimo, Male,0.0,0.0,40.0, Mexico, >50K
31.0, ?,348919.25, Doctorate,4.0, Divorced, Farming-fishing, Unmarried, Amer-Indian-Eskimo, Male,0.0,0.0,40.0, Mexico, >50K
36.0, ?,378877.47, Doctorate,6.0, Divorced, Farming-fishing, Unmarried, Amer-Indian-Eskimo, Male,0.0,0.0,35.0, Mexico, >50K
36.0, Private,341045.8, Doctorate,9.0, Divorced, Farming-fishing, Unmarried, Amer-Indian-Eskimo, Male,0.0,0.0,40.0, Mexico, >50K
33.0, ?,297617.34, Doctorate,9.0, Divorced, Farming-fishing, Unmarried, Amer-Indian-Eskimo, Male,0.0,0.0,40.0, Mexico, >50K
30.0, ?,255514.17, Doctorate,9.0, Divorced, Farming-fishing, Unmarried, Asian-Pac-Islander, Male,0.0,0.0,30.0, Mexico, <=50K
33.0, ?,386221.34, 12th,7.0, Divorced, Farming-fishing, Unmarried, Amer-Indian-Eskimo, Male,0.0,0.0,40.0, Mexico, >50K
33.0, ?,332289.6, Doctorate,9.0, Divorced, Other-service, Unmarried, Amer-Indian-Eskimo, Male,0.0,0.0,38.0, Mexico, >50K
35.0, Private,334460.44, Doctorate,6.0, Divorced, Farming-fishing, Unmarried, Amer-Indian-Eskimo, Male,0.0,0.0,40.0, Mexico, >50K
28.0, ?,322538.38, Doctorate,9.0, Divorced, Farming-fishing, Unmarried, Amer-Indian-Eskimo, Male,0.0,0.0,40.0, Mexico, >50K
32.0, ?,308541.53, Doctorate,7.0, Divorced, Farming-fishing, Unmarried, Amer-Indian-Eskimo, Male,0.0,0.0,40.0, Mexico, >50K
38.0, Private,368040.56, 12th,10.0, Divorced, Farming-fishing, Unmarried, Amer-Indian-Eskimo, Male,0.0,0.0,40.0, Mexico, >50K
39.0, ?,268392.9, Doctorate,9.0, Divorced, Farming-fishing, Unmarried, Amer-Indian-Eskimo, Male,0.0,0.0,40.0, Mexico, >50K
33.0, ?,330872.16, Doctorate,9.0, Divorced, Farming-fishing, Unmarried, Amer-Indian-Eskimo, Male,0.0,0.0,40.0, Mexico, >50K
36.0, Private,297890.3, Doctorate,13.0, Divorced, Farming-fishing, Unmarried, Amer-Indian-Eskimo, Male,0.0,0.0,36.691837, Mexico, >50K
30.0, ?,304870.0, Doctorate,8.0, Divorced, Other-service, Unmarried, Amer-Indian-Eskimo, Male,0.0,0.0,40.0, Mexico, >50K
33.0, Private,333835.75, Doctorate,9.0, Divorced, Farming-fishing, Unmarried, Amer-Indian-Eskimo, Male,0.0,0.0,38.0, Mexico, >50K
32.0, ?,330021.03, Doctorate,10.0, Divorced, Farming-fishing, Unmarried, Amer-Indian-Eskimo, Male,0.0,0.0,40.0, Mexico, >50K
32.0, Private,308876.94, Doctorate,3.0, Divorced, Farming-fishing, Unmarried, Amer-Indian-Eskimo, Male,0.0,0.0,40.0, Mexico, >50K
27.0, Private,377899.0, Doctorate,7.0, Divorced, Other-service, Unmarried, Amer-Indian-Eskimo, Male,0.0,0.0,15.0, Mexico, >50K
35.0, ?,346207.06, Doctorate,9.0, Divorced, Farming-fishing, Unmarried, Asian-Pac-Islander, Male,0.0,0.0,40.0, Mexico, >50K
40.0, ?,326069.62, Doctorate,9.0, Divorced, Farming-fishing, Unmarried, Amer-Indian-Eskimo, Male,0.0,0.0,40.0, Mexico, >50K
33.21399, ?,343602.78, Doctorate,9.0, Divorced, Farming-fishing, Unmarried, Amer-Indian-Eskimo, Male,0.0,0.0,36.0, Mexico, >50K
31.0, ?,316306.28, Doctorate,9.0, Divorced, Other-service, Unmarried, Amer-Indian-Eskimo, Male,0.0,0.0,40.0, Mexico, >50K
31.0, ?,382560.25, Doctorate,7.0, Divorced, Farming-fishing, Unmarried, Amer-Indian-Eskimo, Male,0.0,0.0,35.0, Mexico, >50K
32.0, ?,349858.66, Doctorate,9.0, Divorced, Farming-fishing, Unmarried, Amer-Indian-Eskimo, Male,0.0,0.0,40.0, Mexico, >50K
36.0, ?,330718.84, Doctorate,9.0, Divorced, Farming-fishing, Unmarried, Amer-Indian-Eskimo, Male,0.0,0.0,40.0, Mexico, >50K
35.0, Private,312022.62, Doctorate,5.0, Divorced, Farming-fishing, Unmarried, Amer-Indian-Eskimo, Male,0.0,0.0,40.0, Mexico, >50K
36.0, ?,330030.47, Doctorate,9.0, Divorced, Farming-fishing, Unmarried, Amer-Indian-Eskimo, Male,0.0,0.0,45.0, Mexico, >50K
36.0, ?,323956.5, Doctorate,9.0, Divorced, Farming-fishing, Unmarried, Amer-Indian-Eskimo, Male,0.0,0.0,40.0, Mexico, >50K
35.0, ?,318780.4, Doctorate,9.0, Divorced, Farming-fishing, Unmarried, Amer-Indian-Eskimo, Male,0.0,0.0,40.0, Mexico, >50K
34.0, Private,333655.0, Doctorate,9.0, Divorced, Farming-fishing, Unmarried, Amer-Indian-Eskimo, Male,0.0,0.0,35.0, Mexico, >50K
35.0, ?,330288.9, Doctorate,7.0, Divorced, Handlers-cleaners, Unmarried, Amer-Indian-Eskimo, Male,0.0,0.0,35.0, Mexico, >50K
31.0, ?,314179.94, Doctorate,9.0, Divorced, Farming-fishing, Unmarried, Amer-Indian-Eskimo, Male,0.0,0.0,35.0, Mexico, >50K
38.0, ?,327393.66, 12th,9.0, Divorced, Farming-fishing, Unmarried, Amer-Indian-Eskimo, Male,0.0,0.0,45.0, Mexico, >50K
33.0, ?,344963.8, Doctorate,9.0, Divorced, Other-service, Unmarried, Amer-Indian-Eskimo, Male,0.0,0.0,40.0, Mexico, >50K
31.0, ?,294521.47, Doctorate,9.0, Divorced, Farming-fishing, Unmarried, Amer-Indian-Eskimo, Male,0.0,0.0,35.0, Mexico, >50K
34.0, Private,327308.56, 12th,7.0, Divorced, Farming-fishing, Unmarried, Amer-Indian-Eskimo, Male,0.0,0.0,40.0, Mexico, >50K
29.0, ?,319737.3, Doctorate,7.0, Divorced, Farming-fishing, Unmarried, Amer-Indian-Eskimo, Male,0.0,0.0,40.0, Mexico, >50K
34.0, ?,311885.56, Doctorate,3.773274, Divorced, Farming-fishing, Unmarried, Amer-Indian-Eskimo, Male,0.0,0.0,35.0, Mexico, >50K
34.0, ?,340282.44, Doctorate,9.0, Divorced, Farming-fishing, Unmarried, Amer-Indian-Eskimo, Male,0.0,0.0,40.0, Mexico, >50K
32.0, Private,372499.28, Doctorate,7.0, Divorced, Farming-fishing, Unmarried, Amer-Indian-Eskimo, Male,0.0,0.0,40.0, Mexico, >50K
35.0, ?,337311.47, Doctorate,4.0, Divorced, Handlers-cleaners, Unmarried, Amer-Indian-Eskimo, Male,0.0,0.0,40.0, Mexico, >50K
31.0, ?,319255.3, Doctorate,9.0, Divorced, Other-service, Unmarried, Amer-Indian-Eskimo, Male,0.0,0.0,40.0, Mexico, >50K
34.0, ?,349098.4, 12th,9.0, Divorced, Farming-fishing, Unmarried, Amer-Indian-Eskimo, Male,0.0,0.0,40.0, Mexico, >50K
33.0, Private,270099.34, Doctorate,9.0, Divorced, Farming-fishing, Unmarried, Amer-Indian-Eskimo, Male,0.0,0.0,40.0, Mexico, >50K
28.0, ?,357333.7, Doctorate,9.0, Divorced, Farming-fishing, Unmarried, Amer-Indian-Eskimo, Male,0.0,0.0,40.0, Mexico, >50K
30.0, Private,372459.8, 12th,6.0, Divorced, Farming-fishing, Unmarried, Amer-Indian-Eskimo, Male,0.0,0.0,40.0, Mexico, >50K
36.0, ?,301406.56, 12th,9.0, Divorced, Farming-fishing, Unmarried, Amer-Indian-Eskimo, Male,0.0,0.0,40.0, Mexico, >50K
32.0, ?,286889.84, Doctorate,7.0, Divorced, Other-service, Unmarried, Amer-Indian-Eskimo, Male,0.0,0.0,30.0, Mexico, >50K
35.0, Private,295012.7, Doctorate,9.0, Divorced, Farming-fishing, Unmarried, Amer-Indian-Eskimo, Male,0.0,0.0,40.0, Mexico, >50K
33.0, ?,350630.97, 12th,5.0, Divorced, Other-service, Unmarried, Amer-Indian-Eskimo, Male,0.0,0.0,40.0, Guatemala, >50K
34.0, ?,374371.38, Doctorate,7.0, Divorced, Farming-fishing, Unmarried, Amer-Indian-Eskimo, Male,0.0,0.0,40.0, Mexico, >50K
33.0, ?,283523.78, Doctorate,5.0, Divorced, Farming-fishing, Unmarried, Amer-Indian-Eskimo, Male,0.0,0.0,25.0, Mexico, >50K
35.0, Private,320848.88, 12th,9.0, Divorced, Farming-fishing, Unmarried, Amer-Indian-Eskimo, Male,0.0,0.0,40.0, Mexico, >50K
35.0, ?,323139.3, Doctorate,10.0, Divorced, Farming-fishing, Unmarried, Amer-Indian-Eskimo, Male,0.0,0.0,40.0, Mexico, >50K
31.0, Private,322203.9, Doctorate,7.0, Divorced, Farming-fishing, Unmarried, Amer-Indian-Eskimo, Male,0.0,0.0,40.0, Mexico, >50K
31.0, ?,362317.8, Doctorate,9.0, Divorced, Other-service, Unmarried, Amer-Indian-Eskimo, Male,0.0,0.0,40.0, Mexico, >50K
34.0, Private,335855.12, Doctorate,8.0, Divorced, Farming-fishing, Unmarried, Amer-Indian-Eskimo, Male,0.0,0.0,25.0, Mexico, >50K
33.0, ?,364103.53, Doctorate,6.0, Divorced, Farming-fishing, Unmarried, Amer-Indian-Eskimo, Male,0.0,0.0,40.0, Mexico, >50K
31.0, ?,362987.7, Doctorate,5.4367056, Divorced, Farming-fishing, Unmarried, Amer-Indian-Eskimo, Male,0.0,0.0,40.0, Mexico, >50K
33.401016, Private,355266.84, Doctorate,10.0, Divorced, Handlers-cleaners, Unmarried, Amer-Indian-Eskimo, Male,0.0,0.0,40.0, Mexico, >50K
34.0, ?,299650.3, Doctorate,5.0, Divorced, Farming-fishing, Unmarried, Amer-Indian-Eskimo, Male,0.0,0.0,36.0, Mexico, >50K
34.0, ?,293491.7, Doctorate,5.0, Divorced, Farming-fishing, Unmarried, Amer-Indian-Eskimo, Male,0.0,0.0,40.0, Mexico, >50K
32.0, ?,360228.84, Doctorate,6.0, Divorced, Farming-fishing, Unmarried, Amer-Indian-Eskimo, Male,0.0,0.0,40.0, Mexico, >50K
30.0, ?,397719.3, Doctorate,4.0, Divorced, Farming-fishing, Unmarried, Amer-Indian-Eskimo, Male,0.0,0.0,40.0, Mexico, >50K
32.0, Private,356735.25, Doctorate,9.0, Divorced, Farming-fishing, Unmarried, Amer-Indian-Eskimo, Male,0.0,0.0,15.0, Mexico, >50K
35.0, ?,341999.06, Doctorate,7.0, Divorced, Farming-fishing, Unmarried, Amer-Indian-Eskimo, Male,0.0,0.0,40.0, Mexico, >50K
31.0, ?,306680.25, Doctorate,9.0, Divorced, Farming-fishing, Unmarried, Amer-Indian-Eskimo, Male,0.0,0.0,40.0, Mexico, >50K
36.0, ?,327289.62, Doctorate,9.0, Divorced, Farming-fishing, Unmarried, Amer-Indian-Eskimo, Male,0.0,0.0,40.0, Mexico, >50K
33.0, ?,368479.56, Doctorate,6.0, Divorced, Farming-fishing, Unmarried, Amer-Indian-Eskimo, Male,0.0,0.0,40.0, Mexico, >50K
45.0, ?,339984.16, Doctorate,9.0, Divorced, Farming-fishing, Unmarried, Amer-Indian-Eskimo, Male,0.0,0.0,35.0, Mexico, >50K
37.0, ?,330513.88, Doctorate,9.0, Divorced, Farming-fishing, Unmarried, Amer-Indian-Eskimo, Male,0.0,0.0,30.0, Mexico, >50K
33.0, ?,309799.28, Doctorate,5.0, Divorced, Farming-fishing, Unmarried, Amer-Indian-Eskimo, Male,0.0,0.0,40.0, Mexico, >50K
37.0, Private,314177.72, Doctorate,9.0, Divorced, Farming-fishing, Unmarried, Amer-Indian-Eskimo, Male,0.0,0.0,40.0, Mexico, >50K
36.0, ?,295986.62, Doctorate,8.0, Divorced, Farming-fishing, Unmarried, Amer-Indian-Eskimo, Male,0.0,0.0,40.0, Mexico, >50K
32.0, ?,358677.9, Doctorate,9.0, Divorced, Farming-fishing, Unmarried, Amer-Indian-Eskimo, Male,0.0,0.0,40.0, Mexico, >50K
33.0, Private,322941.22, Doctorate,6.0, Divorced, Other-service, Unmarried, Amer-Indian-Eskimo, Male,0.0,0.0,45.0, Mexico, >50K
38.0, ?,371048.4, Doctorate,3.0, Divorced, Farming-fishing, Unmarried, Amer-Indian-Eskimo, Male,0.0,0.0,40.0, Mexico, >50K
33.0, ?,357609.22, Doctorate,7.0, Divorced, Farming-fishing, Unmarried, Amer-Indian-Eskimo, Male,0.0,0.0,40.0, Mexico, >50K
34.0, ?,301580.47, Doctorate,7.0, Divorced, Farming-fishing, Unmarried, Amer-Indian-Eskimo, Male,0.0,0.0,40.0, Mexico, >50K
35.0, ?,381396.94, Doctorate,9.0, Divorced, Farming-fishing, Unmarried, Amer-Indian-Eskimo, Male,0.0,0.0,40.0, Mexico, >50K
37.0, ?,402772.5, Doctorate,5.8015666, Divorced, Farming-fishing, Unmarried, Amer-Indian-Eskimo, Male,0.0,0.0,40.0, Mexico, >50K
32.0, ?,349506.16, Doctorate,9.0, Divorced, Other-service, Unmarried, Amer-Indian-Eskimo, Male,0.0,0.0,40.0, Mexico, >50K
36.0, ?,337594.4, Doctorate,9.0, Divorced, Farming-fishing, Unmarried, Amer-Indian-Eskimo, Male,0.0,0.0,30.0, Mexico, >50K
31.0, ?,281701.22, Doctorate,10.0, Divorced, Farming-fishing, Unmarried, Amer-Indian-Eskimo, Male,0.0,0.0,40.0, Mexico, >50K
34.0, Private,268113.8, Doctorate,9.0, Divorced, Other-service, Unmarried, Amer-Indian-Eskimo, Male,0.0,0.0,40.0, Mexico, >50K
33.0, ?,349061.72, Doctorate,9.0, Divorced, Farming-fishing, Unmarried, Amer-Indian-Eskimo, Male,0.0,0.0,40.0, Mexico, >50K
40.0, ?,285304.88, Doctorate,9.0, Divorced, Farming-fishing, Unmarried, Amer-Indian-Eskimo, Male,0.0,0.0,40.0, Mexico, >50K
36.0, Private,358699.75, Doctorate,10.0, Divorced, Farming-fishing, Unmarried, Amer-Indian-Eskimo, Male,0.0,0.0,50.0, Mexico, >50K
32.0, ?,231702.9, Doctorate,10.0, Divorced, Farming-fishing, Unmarried, Amer-Indian-Eskimo, Male,0.0,0.0,40.0, Mexico, >50K
34.0, ?,307555.53, Doctorate,9.0, Divorced, Farming-fishing, Unmarried, Amer-Indian-Eskimo, Male,0.0,0.0,38.0, United-States, >50K
33.0, ?,351168.66, Doctorate,7.0, Divorced, Farming-fishing, Unmarried, Amer-Indian-Eskimo, Male,0.0,0.0,48.0, Mexico, >50K
37.0, Private,392774.44, Doctorate,9.0, Divorced, Farming-fishing, Unmarried, Amer-Indian-Eskimo, Male,0.0,0.0,40.0, Mexico, >50K
34.0, ?,324602.16, Doctorate,7.0, Divorced, Farming-fishing, Unmarried, Amer-Indian-Eskimo, Male,0.0,0.0,40.0, Mexico, >50K
32.0, ?,279083.3, Doctorate,9.0, Divorced, Farming-fishing, Unmarried, Amer-Indian-Eskimo, Male,0.0,0.0,40.0, Mexico, >50K
33.0, Private,337802.06, Doctorate,9.0, Divorced, Farming-fishing, Unmarried, Amer-Indian-Eskimo, Male,0.0,0.0,38.41756, Mexico, >50K
31.0, Private,339005.97, Doctorate,9.0, Divorced, Farming-fishing, Unmarried, Amer-Indian-Eskimo, Male,0.0,0.0,30.0, Mexico, >50K
35.0, ?,334499.38, Doctorate,10.0, Divorced, Farming-fishing, Unmarried, Amer-Indian-Eskimo, Male,0.0,0.0,40.0, Mexico, >50K
30.0, ?,343859.03, Doctorate,9.0, Divorced, Other-service, Unmarried, Amer-Indian-Eskimo, Male,0.0,0.0,35.0, Mexico, >50K
34.681232, Private,309975.97, Doctorate,6.0, Divorced, Farming-fishing, Unmarried, Amer-Indian-Eskimo, Male,0.0,0.0,40.0, Mexico, >50K
38.0, ?,347905.84, Doctorate,9.0, Divorced, Farming-fishing, Unmarried, Amer-Indian-Eskimo, Male,0.0,0.0,40.0, Mexico, >50K
36.0, ?,384375.6, Doctorate,9.0, Divorced, Farming-fishing, Unmarried, Amer-Indian-Eskimo, Male,0.0,0.0,40.0, Mexico, >50K
42.0, ?,339232.44, 12th,9.0, Divorced, Farming-fishing, Unmarried, Amer-Indian-Eskimo, Male,0.0,0.0,40.0, Mexico, >50K
34.437813, ?,319092.94, Doctorate,9.0, Divorced, Farming-fishing, Unmarried, Amer-Indian-Eskimo, Male,0.0,0.0,40.0, Mexico, >50K
31.0, ?,250825.33, Doctorate,9.0, Divorced, Farming-fishing, Unmarried, Amer-Indian-Eskimo, Male,0.0,0.0,25.0, Mexico, >50K
32.0, ?,298555.9, Doctorate,11.0, Divorced, Farming-fishing, Unmarried, Amer-Indian-Eskimo, Male,0.0,0.0,40.0, Mexico, >50K
32.06538, ?,373996.94, Doctorate,9.0, Divorced, Other-service, Unmarried, Amer-Indian-Eskimo, Male,0.0,0.0,40.0, Mexico, >50K
31.0, ?,336859.25, Doctorate,6.0, Divorced, Farming-fishing, Unmarried, Amer-Indian-Eskimo, Male,0.0,0.0,45.0, Mexico, >50K
34.0, Private,353389.84, Doctorate,9.0, Divorced, Farming-fishing, Unmarried, Amer-Indian-Eskimo, Male,0.0,0.0,40.0, Mexico, >50K
34.0, ?,286202.44, Doctorate,10.0, Divorced, Farming-fishing, Unmarried, Amer-Indian-Eskimo, Male,0.0,0.0,40.0, Mexico, >50K
40.0, Private,266696.0, Doctorate,10.0, Divorced, Farming-fishing, Unmarried, Amer-Indian-Eskimo, Male,0.0,0.0,40.0, Mexico, >50K
34.0, ?,346974.8, Doctorate,9.0, Divorced, Other-service, Unmarried, Amer-Indian-Eskimo, Male,0.0,0.0,40.0, Mexico, >50K
36.0, ?,272390.84, Doctorate,9.0, Divorced, Farming-fishing, Unmarried, Amer-Indian-Eskimo, Male,0.0,0.0,38.0, Mexico, >50K
33.0, ?,327684.84, Doctorate,9.0, Divorced, Farming-fishing, Unmarried, Amer-Indian-Eskimo, Male,0.0,0.0,36.0, Mexico, >50K
34.0, ?,362447.25, Doctorate,9.0, Divorced, Farming-fishing, Unmarried, Amer-Indian-Eskimo, Male,0.0,0.0,40.0, Mexico, >50K
33.0, ?,233669.89, Doctorate,9.0, Divorced, Farming-fishing, Unmarried, Amer-Indian-Eskimo, Male,0.0,0.0,40.0, Mexico, >50K
35.0, ?,345594.1, Doctorate,8.0, Divorced, Other-service, Unmarried, Amer-Indian-Eskimo, Male,0.0,0.0,40.0, Mexico, >50K
36.0, Private,344434.22, Doctorate,7.0, Divorced, Other-service, Unmarried, Amer-Indian-Eskimo, Male,0.0,0.0,40.0, Mexico, >50K
33.0, ?,283806.22, Doctorate,9.0, Divorced, Other-service, Unmarried, Amer-Indian-Eskimo, Male,0.0,0.0,40.0, Mexico, >50K
34.0, ?,355117.7, Doctorate,9.0, Divorced, Farming-fishing, Unmarried, Amer-Indian-Eskimo, Male,0.0,0.0,30.0, Mexico, >50K
32.0, ?,301899.06, Doctorate,9.0, Divorced, Farming-fishing, Unmarried, Amer-Indian-Eskimo, Male,0.0,0.0,40.0, Mexico, >50K
37.0, ?,334882.12, Doctorate,9.0, Divorced, Farming-fishing, Unmarried, Amer-Indian-Eskimo, Male,0.0,0.0,40.0, Mexico, >50K
30.226526, ?,389969.47, Doctorate,9.0, Divorced, Farming-fishing, Unmarried, Amer-Indian-Eskimo, Male,0.0,0.0,45.0, Mexico, >50K
34.0, ?,367245.97, Doctorate,9.0, Divorced, Farming-fishing, Unmarried, Amer-Indian-Eskimo, Male,0.0,0.0,25.0, Mexico, >50K
32.0, ?,334556.62, Doctorate,9.0, Divorced, Farming-fishing, Unmarried, Amer-Indian-Eskimo, Male,0.0,0.0,40.0, Mexico, >50K
30.0, Private,324014.66, Doctorate,10.0, Divorced, Farming-fishing, Unmarried, Amer-Indian-Eskimo, Male,0.0,0.0,40.0, Mexico, >50K
28.0, ?,325662.66, Doctorate,10.0, Divorced, Farming-fishing, Unmarried, Amer-Indian-Eskimo, Male,0.0,0.0,40.0, Mexico, >50K
37.0, ?,330779.5, Doctorate,3.0, Divorced, Farming-fishing, Unmarried, Amer-Indian-Eskimo, Male,0.0,0.0,40.0, Mexico, >50K
37.0, ?,278272.28, Doctorate,7.0, Divorced, Farming-fishing, Unmarried, Amer-Indian-Eskimo, Male,0.0,0.0,35.0, Mexico, >50K
33.0, ?,307848.94, Doctorate,6.0, Divorced, Farming-fishing, Unmarried, Amer-Indian-Eskimo, Male,0.0,0.0,40.0, Mexico, >50K
32.0, ?,330085.38, Doctorate,9.0, Divorced, Other-service, Unmarried, Amer-Indian-Eskimo, Male,0.0,0.0,40.0, Mexico, >50K
33.0, ?,311196.62, Doctorate,7.0, Divorced, Farming-fishing, Unmarried, Amer-Indian-Eskimo, Male,0.0,0.0,50.0, Mexico, >50K
39.0, ?,299352.28, Doctorate,9.0, Divorced, Farming-fishing, Unmarried, Amer-Indian-Eskimo, Male,0.0,0.0,40.0, Mexico, >50K
36.0, Private,326066.62, Doctorate,9.0, Divorced, Farming-fishing, Unmarried, Amer-Indian-Eskimo, Male,0.0,0.0,40.0, Mexico, >50K
34.0, ?,322400.9, Doctorate,5.0, Divorced, Farming-fishing, Unmarried, Amer-Indian-Eskimo, Male,0.0,0.0,40.0, Mexico, >50K
34.0, ?,285229.6, Doctorate,9.0, Divorced, Farming-fishing, Unmarried, Amer-Indian-Eskimo, Male,0.0,0.0,40.0, Mexico, >50K
35.0, ?,303195.47, Doctorate,6.0, Divorced, Farming-fishing, Unmarried, Amer-Indian-Eskimo, Male,0.0,0.0,42.0, Mexico, >50K
34.0, ?,343549.97, Doctorate,6.0, Divorced, Farming-fishing, Unmarried, Amer-Indian-Eskimo, Male,0.0,0.0,30.0, Mexico, >50K
35.0, Private,331580.88, Doctorate,7.0, Divorced, Farming-fishing, Unmarried, Amer-Indian-Eskimo, Male,0.0,0.0,44.035458, Mexico, >50K
33.0, ?,368387.38, Doctorate,4.0, Divorced, Farming-fishing, Unmarried, Amer-Indian-Eskimo, Male,0.0,0.0,40.0, Mexico, >50K
33.0, ?,331357.16, Doctorate,9.0, Divorced, Farming-fishing, Unmarried, Amer-Indian-Eskimo, Male,0.0,0.0,40.0, Mexico, >50K
33.0, Private,316429.06, Doctorate,9.0, Divorced, Farming-fishing, Unmarried, Amer-Indian-Eskimo, Male,0.0,0.0,38.0, Mexico, >50K
32.0, ?,335477.75, Doctorate,9.0, Divorced, Farming-fishing, Unmarried, Amer-Indian-Eskimo, Male,0.0,0.0,40.0, Mexico, >50K
34.0, ?,273408.5, Doctorate,9.0, Divorced, Farming-fishing, Unmarried, Amer-Indian-Eskimo, Male,0.0,0.0,40.0, Mexico, >50K
34.0, ?,355431.03, Doctorate,9.0, Divorced, Other-service, Unmarried, Amer-Indian-Eskimo, Male,0.0,0.0,43.862484, Mexico, >50K
31.0, ?,348738.62, Doctorate,8.0, Divorced, Farming-fishing, Unmarried, Amer-Indian-Eskimo, Male,0.0,0.0,40.0, Mexico, >50K
31.0, ?,348417.6, Doctorate,4.0, Divorced, Farming-fishing, Unmarried, Amer-Indian-Eskimo, Male,0.0,0.0,35.0, Mexico, >50K
31.0, ?,334738.06, Doctorate,9.0, Divorced, Farming-fishing, Unmarried, Amer-Indian-Eskimo, Male,0.0,0.0,42.0, Mexico, >50K
36.0, Private,317644.47, Doctorate,5.0, Divorced, Farming-fishing, Unmarried, Amer-Indian-Eskimo, Male,0.0,0.0,40.0, Mexico, <=50K
34.0, ?,307163.12, 12th,9.0, Divorced, Farming-fishing, Unmarried, Amer-Indian-Eskimo, Male,0.0,0.0,36.0, Mexico, >50K
30.0, ?,338560.16, Doctorate,6.0, Divorced, Farming-fishing, Unmarried, Amer-Indian-Eskimo, Male,0.0,0.0,40.0, Mexico, >50K
29.0, ?,331690.25, Doctorate,9.0, Divorced, Other-service, Unmarried, Amer-Indian-Eskimo, Male,0.0,0.0,40.0, Mexico, >50K
37.0, ?,320336.84, Doctorate,9.0, Divorced, Farming-fishing, Unmarried, Amer-Indian-Eskimo, Male,0.0,0.0,45.0, Mexico, >50K
29.0, ?,327505.4, Doctorate,3.0, Divorced, Farming-fishing, Unmarried, Amer-Indian-Eskimo, Male,0.0,0.0,40.0, Mexico, >50K
34.0, Private,341418.56, Doctorate,9.0, Divorced, Farming-fishing, Unmarried, Amer-Indian-Eskimo, Male,0.0,0.0,40.0, Mexico, >50K
34.0, ?,267679.06, 12th,9.0, Divorced, Other-service, Unmarried, Amer-Indian-Eskimo, Male,0.0,0.0,40.0, Mexico, >50K
29.0, ?,345600.34, Doctorate,9.0, Divorced, Farming-fishing, Unmarried, Amer-Indian-Eskimo, Male,0.0,0.0,40.0, Mexico, >50K
32.482723, ?,293913.84, Doctorate,6.0, Divorced, Other-service, Unmarried, Amer-Indian-Eskimo, Male,0.0,0.0,40.0, Mexico, >50K
34.0, ?,305993.4, Doctorate,7.0, Divorced, Farming-fishing, Unmarried, Amer-Indian-Eskimo, Male,0.0,0.0,40.0, Mexico, >50K
33.02768, ?,321814.75, Doctorate,7.0, Divorced, Handlers-cleaners, Unmarried, Amer-Indian-Eskimo, Male,0.0,0.0,40.0, Mexico, >50K
30.0, ?,374501.16, Doctorate,8.0, Divorced, Farming-fishing, Unmarried, Amer-Indian-Eskimo, Male,0.0,0.0,40.0, Mexico, >50K
33.0, ?,319175.22, Doctorate,9.0, Divorced, Farming-fishing, Unmarried, Amer-Indian-Eskimo, Male,0.0,0.0,40.0, Mexico, >50K
37.0, ?,333909.38, Doctorate,9.0, Divorced, Farming-fishing, Unmarried, Amer-Indian-Eskimo, Male,0.0,0.0,40.0, Mexico, >50K
33.0, ?,301299.3, Doctorate,9.0, Divorced, Farming-fishing, Unmarried, Amer-Indian-Eskimo, Male,0.0,0.0,40.0, Mexico, >50K
39.0, ?,404377.9, Doctorate,3.0, Divorced, Farming-fishing, Unmarried, Amer-Indian-Eskimo, Male,0.0,0.0,38.59538, Mexico, >50K
35.0, Private,347935.03, Doctorate,9.0, Divorced, Farming-fishing, Unmarried, Amer-Indian-Eskimo, Male,0.0,0.0,40.0, Mexico, >50K
33.0, Private,304726.9, Doctorate,2.0, Divorced, Farming-fishing, Unmarried, Amer-Indian-Eskimo, Male,0.0,0.0,40.0, Mexico, >50K
29.0, ?,301173.3, Doctorate,9.0, Divorced, Farming-fishing, Unmarried, Amer-Indian-Eskimo, Male,0.0,0.0,40.0, Mexico, >50K
33.0, ?,317580.53, Doctorate,10.0, Divorced, Farming-fishing, Unmarried, Amer-Indian-Eskimo, Male,0.0,0.0,40.0, Mexico, >50K
33.0, ?,329791.56, Doctorate,6.0, Divorced, Farming-fishing, Unmarried, Amer-Indian-Eskimo, Male,0.0,0.0,40.0, Mexico, >50K
34.0, ?,373280.03, Doctorate,2.7818344, Divorced, Farming-fishing, Unmarried, Amer-Indian-Eskimo, Male,0.0,0.0,40.0, Mexico, >50K
35.0, Private,322876.4, Doctorate,6.0, Divorced, Other-service, Unmarried, Amer-Indian-Eskimo, Male,0.0,0.0,35.0, Mexico, >50K
34.0, ?,337148.34, Doctorate,9.0, Divorced, Farming-fishing, Unmarried, Amer-Indian-Eskimo, Male,0.0,0.0,40.0, Mexico, >50K
33.0, ?,322736.8, Doctorate,4.0, Divorced, Farming-fishing, Unmarried, Amer-Indian-Eskimo, Male,0.0,0.0,40.0, Mexico, >50K
33.0, ?,316821.22, Doctorate,4.0, Divorced, Farming-fishing, Unmarried, Amer-Indian-Eskimo, Male,0.0,0.0,40.0, Mexico, >50K
32.0, Private,329155.78, Doctorate,9.0, Divorced, Farming-fishing, Unmarried, Asian-Pac-Islander, Male,0.0,0.0,40.0, Mexico, >50K
31.0, ?,386821.56, Doctorate,6.0, Divorced, Farming-fishing, Unmarried, Amer-Indian-Eskimo, Male,0.0,0.0,25.0, Mexico, >50K
37.0, ?,333863.97, Doctorate,9.0, Divorced, Farming-fishing, Unmarried, Amer-Indian-Eskimo, Male,0.0,0.0,30.0, Mexico, >50K
34.0, ?,319005.25, Doctorate,5.0, Divorced, Farming-fishing, Unmarried, Amer-Indian-Eskimo, Male,0.0,0.0,30.0, Mexico, >50K
31.0, ?,341609.56, 12th,9.0, Divorced, Farming-fishing, Unmarried, Amer-Indian-Eskimo, Male,0.0,0.0,40.0, Mexico, >50K
34.0, Private,334182.75, Doctorate,9.0, Divorced, Farming-fishing, Unmarried, Amer-Indian-Eskimo, Male,0.0,0.0,40.0, Mexico, >50K
33.0, ?,286926.47, Doctorate,9.0, Divorced, Other-service, Unmarried, Amer-Indian-Eskimo, Male,0.0,0.0,40.0, Mexico, >50K
41.0, Private,342928.34, Doctorate,10.0, Divorced, Farming-fishing, Unmarried, Amer-Indian-Eskimo, Male,0.0,0.0,40.0, Mexico, >50K
39.0, ?,326588.38, Doctorate,7.0, Divorced, Farming-fishing, Unmarried, Amer-Indian-Eskimo, Male,0.0,0.0,40.0, Mexico, >50K
35.0, ?,336642.12, Doctorate,6.0, Divorced, Farming-fishing, Unmarried, Amer-Indian-Eskimo, Male,0.0,0.0,40.0, Mexico, >50K
34.75679, ?,321295.7, Doctorate,8.0, Divorced, Farming-fishing, Unmarried, Asian-Pac-Islander, Male,0.0,0.0,40.0, Mexico, <=50K
35.0, ?,333917.97, Doctorate,4.0, Divorced, Farming-fishing, Unmarried, Amer-Indian-Eskimo, Male,0.0,0.0,40.0, Mexico, >50K
31.0, ?,337581.1, 12th,4.0, Divorced, Farming-fishing, Unmarried, Amer-Indian-Eskimo, Male,0.0,0.0,44.0, Mexico, >50K
32.0, ?,286467.47, Doctorate,9.0, Divorced, Farming-fishing, Unmarried, Amer-Indian-Eskimo, Male,0.0,0.0,40.0, Mexico, >50K
34.0, Private,349879.94, Doctorate,9.0, Divorced, Farming-fishing, Unmarried, Amer-Indian-Eskimo, Male,0.0,0.0,40.0, Mexico, >50K
42.0, Private,287254.78, Doctorate,10.0, Divorced, Farming-fishing, Unmarried, Amer-Indian-Eskimo, Male,0.0,0.0,40.0, Mexico, >50K
33.0, ?,357166.34, Doctorate,8.0, Divorced, Farming-fishing, Unmarried, Amer-Indian-Eskimo, Male,0.0,0.0,40.0, Mexico, >50K
31.0, ?,331838.97, 12th,9.0, Divorced, Farming-fishing, Unmarried, Amer-Indian-Eskimo, Male,0.0,0.0,35.0, Mexico, >50K
33.0, Private,343769.0, Doctorate,9.0, Divorced, Farming-fishing, Unmarried, Amer-Indian-Eskimo, Male,0.0,0.0,40.0, Mexico, >50K
33.0, ?,321137.03, Doctorate,9.0, Divorced, Farming-fishing, Unmarried, Amer-Indian-Eskimo, Male,0.0,0.0,40.0, Mexico, >50K
37.0, ?,313609.44, 12th,9.0, Divorced, Farming-fishing, Unmarried, Amer-Indian-Eskimo, Male,0.0,0.0,40.0, Mexico, >50K
32.0, ?,338430.3, Doctorate,9.0, Divorced, Farming-fishing, Unmarried, Amer-Indian-Eskimo, Male,0.0,0.0,40.0, Mexico, >50K
32.0, ?,353066.72, Doctorate,9.0, Divorced, Farming-fishing, Unmarried, Amer-Indian-Eskimo, Male,0.0,0.0,35.0, Mexico, >50K
32.0, ?,300261.84, Doctorate,9.0, Divorced, Farming-fishing, Unmarried, Amer-Indian-Eskimo, Male,0.0,0.0,30.0, Mexico, >50K
35.0, ?,373075.44, Doctorate,7.0, Divorced, Farming-fishing, Unmarried, Amer-Indian-Eskimo, Male,0.0,0.0,40.0, Mexico, >50K
34.0, Private,323695.06, Doctorate,7.0, Divorced, Farming-fishing, Unmarried, Amer-Indian-Eskimo, Male,0.0,0.0,40.0, Mexico, >50K
32.0, ?,313742.44, 12th,10.0, Divorced, Farming-fishing, Unmarried, Amer-Indian-Eskimo, Male,0.0,0.0,40.0, Mexico, >50K
33.0, ?,281094.1, Doctorate,9.0, Divorced, Farming-fishing, Unmarried, Amer-Indian-Eskimo, Male,0.0,0.0,40.0, Mexico, >50K
33.0, ?,325902.7, Doctorate,9.0, Divorced, Farming-fishing, Unmarried, Amer-Indian-Eskimo, Male,0.0,0.0,40.0, Mexico, >50K
32.0, ?,331701.38, Doctorate,9.0, Divorced, Farming-fishing, Unmarried, Asian-Pac-Islander, Male,0.0,0.0,40.0, Mexico, >50K
38.754482, ?,339259.66, 12th,9.0, Divorced, Other-service, Unmarried, Amer-Indian-Eskimo, Male,0.0,0.0,40.0, Mexico, >50K
35.0, ?,262208.7, Doctorate,6.0, Divorced, Farming-fishing, Unmarried, Amer-Indian-Eskimo, Male,0.0,0.0,40.0, Mexico, >50K
34.0, ?,323183.72, Doctorate,10.0, Divorced, Farming-fishing, Unmarried, Amer-Indian-Eskimo, Male,0.0,0.0,40.0, Mexico, >50K
30.0, ?,357086.5, Doctorate,3.0, Divorced, Farming-fishing, Unmarried, Amer-Indian-Eskimo, Male,0.0,0.0,40.0, Mexico, >50K
35.0, ?,341540.53, Doctorate,7.0, Divorced, Farming-fishing, Unmarried, Amer-Indian-Eskimo, Male,0.0,0.0,40.0, Mexico, >50K
35.0, ?,290497.97, Doctorate,9.0, Divorced, Farming-fishing, Unmarried, Asian-Pac-Islander, Male,0.0,0.0,40.0, Guatemala, >50K
31.0, ?,244855.56, Doctorate,9.0, Divorced, Handlers-cleaners, Unmarried, Amer-Indian-Eskimo, Male,0.0,0.0,40.0, Mexico, >50K
32.17966, ?,318764.78, Doctorate,9.0, Divorced, Farming-fishing, Unmarried, Amer-Indian-Eskimo, Male,0.0,0.0,30.0, Mexico, >50K
30.0, ?,399511.78, Doctorate,6.0, Divorced, Farming-fishing, Unmarried, Amer-Indian-Eskimo, Male,0.0,0.0,40.0, Mexico, >50K
34.0, ?,295785.56, Doctorate,10.0, Divorced, Farming-fishing, Unmarried, Amer-Indian-Eskimo, Male,0.0,0.0,40.0, Guatemala, >50K
37.0, ?,350682.2, Doctorate,9.0, Divorced, Farming-fishing, Unmarried, Amer-Indian-Eskimo, Male,0.0,0.0,40.0, Mexico, >50K
31.0, ?,301166.22, Doctorate,4.0, Divorced, Farming-fishing, Unmarried, Amer-Indian-Eskimo, Male,0.0,0.0,40.0, Mexico, >50K
28.0, ?,429879.6, Doctorate,10.0, Divorced, Other-service, Unmarried, Amer-Indian-Eskimo, Male,0.0,0.0,40.0, Mexico, >50K
31.0, ?,350428.94, Doctorate,10.0, Divorced, Handlers-cleaners, Unmarried, Asian-Pac-Islander, Male,0.0,0.0,40.0, Mexico, >50K
34.0, ?,337128.0, Doctorate,9.0, Divorced, Farming-fishing, Unmarried, Amer-Indian-Eskimo, Male,0.0,0.0,40.0, Mexico, >50K
32.0, Private,324028.34, Doctorate,10.0, Divorced, Farming-fishing, Unmarried, Amer-Indian-Eskimo, Male,0.0,0.0,40.0, Mexico, >50K
31.0, ?,341702.9, Doctorate,4.0, Divorced, Other-service, Unmarried, Amer-Indian-Eskimo, Male,0.0,0.0,40.0, Mexico, >50K
41.0, ?,353415.03, Doctorate,7.0, Divorced, Farming-fishing, Unmarried, Amer-Indian-Eskimo, Male,0.0,0.0,40.0, Mexico, >50K
38.0, Private,338721.72, Doctorate,9.0, Divorced, Other-service, Unmarried, Amer-Indian-Eskimo, Male,0.0,0.0,40.0, Mexico, >50K
31.0, ?,319075.28, Doctorate,9.0, Divorced, Farming-fishing, Unmarried, Amer-Indian-Eskimo, Male,0.0,0.0,40.0, Mexico, >50K
35.0, Private,333275.4, Doctorate,9.0, Divorced, Farming-fishing, Unmarried, Amer-Indian-Eskimo, Male,0.0,0.0,35.0, Mexico, >50K
33.0, ?,393005.4, Doctorate,9.0, Divorced, Farming-fishing, Unmarried, Amer-Indian-Eskimo, Male,0.0,0.0,38.0, Mexico, >50K
29.0, Private,348468.16, Doctorate,9.0, Divorced, Other-service, Unmarried, Amer-Indian-Eskimo, Male,0.0,0.0,28.0, Mexico, >50K
39.0, Private,298148.97, Doctorate,10.0, Divorced, Farming-fishing, Unmarried, Amer-Indian-Eskimo, Male,0.0,0.0,40.0, Mexico, >50K
32.0, ?,356377.28, Doctorate,8.0, Divorced, Farming-fishing, Unmarried, Amer-Indian-Eskimo, Male,0.0,0.0,45.0, Mexico, >50K
34.0, ?,365580.44, Doctorate,9.0, Divorced, Farming-fishing, Unmarried, Amer-Indian-Eskimo, Male,0.0,0.0,40.0, Mexico, >50K
29.0, Private,360979.44, Doctorate,4.0, Divorced, Farming-fishing, Unmarried, Amer-Indian-Eskimo, Male,0.0,0.0,40.0, Mexico, >50K
33.0, ?,322283.4, Doctorate,9.0, Divorced, Farming-fishing, Unmarried, Amer-Indian-Eskimo, Male,0.0,0.0,40.0, Mexico, >50K
38.0, ?,348435.1, Doctorate,9.0, Divorced, Farming-fishing, Unmarried, Amer-Indian-Eskimo, Male,0.0,0.0,40.0, Mexico, >50K
30.0, ?,359196.62, Doctorate,6.0, Divorced, Farming-fishing, Unmarried, Amer-Indian-Eskimo, Male,0.0,0.0,40.0, Mexico, >50K
32.0, ?,349882.38, Doctorate,10.0, Divorced, Farming-fishing, Unmarried, Amer-Indian-Eskimo, Male,0.0,0.0,40.0, Mexico, >50K
34.0, ?,321758.56, Doctorate,7.0, Divorced, Farming-fishing, Unmarried, Amer-Indian-Eskimo, Male,0.0,0.0,40.0, Mexico, >50K
34.0, ?,345054.84, Doctorate,9.0, Divorced, Farming-fishing, Unmarried, Amer-Indian-Eskimo, Male,0.0,0.0,40.0, United-States, >50K
34.0, ?,314205.66, 12th,9.0, Divorced, Farming-fishing, Unmarried, Amer-Indian-Eskimo, Male,0.0,0.0,40.0, Mexico, >50K
36.0, ?,346348.84, Doctorate,5.0, Divorced, Farming-fishing, Unmarried, Amer-Indian-Eskimo, Male,0.0,0.0,40.0, Mexico, <=50K
33.0, ?,360162.25, Doctorate,4.0, Divorced, Other-service, Unmarried, Amer-Indian-Eskimo, Male,0.0,0.0,40.0, Mexico, >50K
41.0, ?,344493.88, Doctorate,6.0, Divorced, Farming-fishing, Unmarried, Amer-Indian-Eskimo, Male,0.0,0.0,40.0, Mexico, >50K
33.0, ?,330349.97, Doctorate,9.0, Divorced, Other-service, Unmarried, Amer-Indian-Eskimo, Male,0.0,0.0,40.928593, Mexico, >50K
37.0, Private,273465.7, Doctorate,9.0, Divorced, Farming-fishing, Unmarried, Amer-Indian-Eskimo, Male,0.0,0.0,40.0, Mexico, >50K
34.0, Private,333570.72, 12th,9.0, Divorced, Farming-fishing, Unmarried, Amer-Indian-Eskimo, Male,0.0,0.0,40.0, Mexico, >50K
36.0, Private,346777.0, Doctorate,10.0, Divorced, Farming-fishing, Unmarried, Amer-Indian-Eskimo, Male,0.0,0.0,40.0, Mexico, >50K
35.0, ?,325627.5, Doctorate,9.0, Divorced, Farming-fishing, Unmarried, Amer-Indian-Eskimo, Male,0.0,0.0,40.0, Mexico, >50K
30.0, ?,322508.66, 12th,9.0, Divorced, Farming-fishing, Unmarried, Amer-Indian-Eskimo, Male,0.0,0.0,40.0, Mexico, >50K
36.0, ?,358399.56, Doctorate,8.0, Divorced, Farming-fishing, Unmarried, Amer-Indian-Eskimo, Male,0.0,0.0,40.0, Mexico, >50K
30.0, ?,284367.66, Doctorate,9.0, Divorced, Farming-fishing, Unmarried, Amer-Indian-Eskimo, Male,0.0,0.0,40.0, Mexico, >50K
31.0, ?,361732.03, Doctorate,9.0, Divorced, Farming-fishing, Unmarried, Amer-Indian-Eskimo, Male,0.0,0.0,40.0, Mexico, >50K
36.0, Private,373157.47, Doctorate,4.0, Divorced, Farming-fishing, Unmarried, Amer-Indian-Eskimo, Male,0.0,0.0,40.0, Mexico, >50K
32.0, ?,348985.3, Doctorate,9.0, Divorced, Other-service, Unmarried, Amer-Indian-Eskimo, Male,0.0,0.0,40.0, Mexico, >50K
31.259905, ?,366283.78, Doctorate,6.0, Divorced, Farming-fishing, Unmarried, Amer-Indian-Eskimo, Male,0.0,0.0,40.0, Mexico, >50K
39.0, Private,346402.1, Doctorate,9.0, Divorced, Farming-fishing, Unmarried, Amer-Indian-Eskimo, Male,0.0,0.0,35.0, Mexico, <=50K
32.0, ?,330194.3, Doctorate,9.0, Divorced, Farming-fishing, Unmarried, Amer-Indian-Eskimo, Male,0.0,0.0,30.0, Mexico, >50K
30.0, ?,356927.53, Doctorate,6.0, Divorced, Farming-fishing, Unmarried, Amer-Indian-Eskimo, Male,0.0,0.0,40.0, Mexico, >50K
35.0, ?,314954.44, Doctorate,4.0, Divorced, Farming-fishing, Unmarried, Amer-Indian-Eskimo, Male,0.0,0.0,40.0, Mexico, >50K
38.0, Private,344145.16, Doctorate,7.0, Divorced, Other-service, Unmarried, Amer-Indian-Eskimo, Male,0.0,0.0,40.0, Mexico, >50K
36.0, Private,312970.1, Doctorate,9.0, Divorced, Farming-fishing, Unmarried, Amer-Indian-Eskimo, Male,0.0,0.0,40.0, Mexico, >50K
34.0, ?,288026.9, Doctorate,9.0, Divorced, Farming-fishing, Unmarried, Amer-Indian-Eskimo, Male,0.0,0.0,40.0, Mexico, >50K
35.0, Private,335466.06, Doctorate,9.0, Divorced, Farming-fishing, Unmarried, Amer-Indian-Eskimo, Male,0.0,0.0,42.0, Mexico, >50K
32.0, ?,355937.12, 12th,4.0, Divorced, Handlers-cleaners, Unmarried, Amer-Indian-Eskimo, Male,0.0,0.0,42.32569, Mexico, >50K
31.0, ?,317914.88, Doctorate,9.0, Divorced, Farming-fishing, Unmarried, Amer-Indian-Eskimo, Male,0.0,0.0,40.0, Mexico, >50K
31.0, Private,356151.97, 12th,9.0, Divorced, Other-service, Unmarried, Amer-Indian-Eskimo, Male,0.0,0.0,40.0, Mexico, >50K
36.0, Private,331651.5, Doctorate,9.0, Divorced, Farming-fishing, Unmarried, Amer-Indian-Eskimo, Male,0.0,0.0,40.0, Mexico, >50K
32.64477, ?,303028.16, Doctorate,5.0, Divorced, Farming-fishing, Unmarried, Amer-Indian-Eskimo, Male,0.0,0.0,25.0, Mexico, >50K
33.0, ?,335273.47, Doctorate,10.0, Divorced, Farming-fishing, Unmarried, Amer-Indian-Eskimo, Male,0.0,0.0,40.0, Mexico, >50K
35.0, Private,338066.88, Doctorate,9.0, Divorced, Farming-fishing, Unmarried, Amer-Indian-Eskimo, Male,0.0,0.0,40.0, Mexico, >50K
32.0, ?,368920.56, Doctorate,9.0, Divorced, Farming-fishing, Unmarried, Amer-Indian-Eskimo, Male,0.0,0.0,40.0, Mexico, >50K
36.0, ?,331283.12, Doctorate,9.0, Divorced, Farming-fishing, Unmarried, Amer-Indian-Eskimo, Male,0.0,0.0,40.0, Mexico, >50K
35.0, ?,278034.88, Doctorate,5.0, Divorced, Other-service, Unmarried, Amer-Indian-Eskimo, Male,0.0,0.0,40.0, Mexico, >50K
35.0, ?,350537.72, Doctorate,9.0, Divorced, Farming-fishing, Unmarried, Amer-Indian-Eskimo, Male,0.0,0.0,40.0, Mexico, >50K
32.0, ?,327198.0, Doctorate,9.0, Divorced, Farming-fishing, Unmarried, Amer-Indian-Eskimo, Male,0.0,0.0,40.0, Mexico, >50K
36.0, Private,305001.62, Doctorate,9.0, Divorced, Farming-fishing, Unmarried, Amer-Indian-Eskimo, Male,0.0,0.0,40.0, Mexico, >50K
39.0, Private,316547.03, Doctorate,9.0, Divorced, Farming-fishing, Unmarried, Amer-Indian-Eskimo, Male,0.0,0.0,24.0, Mexico, >50K
40.0, Private,289709.47, Doctorate,9.0, Divorced, Farming-fishing, Unmarried, Amer-Indian-Eskimo, Male,0.0,0.0,40.0, Mexico, >50K
35.0, ?,360507.03, Doctorate,9.0, Divorced, Farming-fishing, Unmarried, Amer-Indian-Eskimo, Male,0.0,0.0,40.0, Mexico, >50K
36.0, ?,358677.7, Doctorate,5.909433, Divorced, Farming-fishing, Unmarried, Amer-Indian-Eskimo, Male,0.0,0.0,25.0, Mexico, >50K
35.0, ?,345474.75, 12th,5.0, Divorced, Farming-fishing, Unmarried, Amer-Indian-Eskimo, Male,0.0,0.0,40.0, Mexico, >50K
33.0, ?,351846.28, Doctorate,6.0, Divorced, Farming-fishing, Unmarried, Amer-Indian-Eskimo, Male,0.0,0.0,40.0, Mexico, >50K
33.0, ?,343610.72, Doctorate,9.0, Divorced, Other-service, Unmarried, Amer-Indian-Eskimo, Male,0.0,0.0,40.0, Mexico, >50K
35.0, ?,282241.53, Doctorate,9.0, Divorced, Farming-fishing, Unmarried, Amer-Indian-Eskimo, Male,0.0,0.0,40.0, Mexico, >50K
37.0, ?,349428.3, Doctorate,9.0, Divorced, Other-service, Unmarried, Amer-Indian-Eskimo, Male,0.0,0.0,38.0, Mexico, >50K
38.0, ?,321838.7, Doctorate,9.0, Divorced, Farming-fishing, Unmarried, Amer-Indian-Eskimo, Male,0.0,0.0,40.0, Mexico, >50K
33.0, ?,356547.0, Doctorate,9.0, Divorced, Other-service, Unmarried, Amer-Indian-Eskimo, Male,0.0,0.0,40.0, Mexico, >50K
34.0, ?,284702.53, Doctorate,9.0, Divorced, Farming-fishing, Unmarried, Asian-Pac-Islander, Male,0.0,0.0,40.0, Mexico, >50K
30.0, ?,322426.28, 12th,9.0, Divorced, Farming-fishing, Unmarried, Amer-Indian-Eskimo, Male,0.0,0.0,40.0, Mexico, >50K
35.0, ?,304114.16, Doctorate,9.0, Divorced, Farming-fishing, Unmarried, Amer-Indian-Eskimo, Male,0.0,0.0,40.0, Mexico, >50K
34.0, ?,363668.34, Doctorate,10.0, Divorced, Farming-fishing, Unmarried, Amer-Indian-Eskimo, Male,0.0,0.0,40.0, Mexico, >50K
35.0, ?,266171.28, Doctorate,7.0, Divorced, Farming-fishing, Unmarried, Amer-Indian-Eskimo, Male,0.0,0.0,40.0, Mexico, >50K
33.0, ?,293637.06, Doctorate,9.0, Divorced, Farming-fishing, Unmarried, Asian-Pac-Islander, Male,0.0,0.0,40.0, Mexico, >50K
42.0, Private,333550.06, Doctorate,7.0, Divorced, Farming-fishing, Unmarried, Amer-Indian-Eskimo, Male,0.0,0.0,40.0, Mexico, >50K
35.0, ?,311846.47, 12th,9.0, Divorced, Farming-fishing, Unmarried, Amer-Indian-Eskimo, Male,0.0,0.0,40.0, Mexico, >50K
36.0, Private,337794.53, Doctorate,9.0, Divorced, Farming-fishing, Unmarried, Amer-Indian-Eskimo, Male,0.0,0.0,45.0, Mexico, >50K
38.0, Private,278204.53, 12th,10.0, Divorced, Farming-fishing, Unmarried, Amer-Indian-Eskimo, Male,0.0,0.0,38.0, Mexico, >50K
32.0, ?,346070.25, Doctorate,7.0, Divorced, Farming-fishing, Unmarried, Amer-Indian-Eskimo, Male,0.0,0.0,35.0, Mexico, >50K
34.0, Private,279284.1, Doctorate,6.0, Divorced, Farming-fishing, Unmarried, Amer-Indian-Eskimo, Male,0.0,0.0,45.0, Mexico, >50K
39.0, ?,325642.8, Doctorate,9.0, Divorced, Farming-fishing, Unmarried, Amer-Indian-Eskimo, Male,0.0,0.0,40.0, Mexico, >50K
34.0, Private,353570.62, Doctorate,9.0, Divorced, Farming-fishing, Unmarried, Amer-Indian-Eskimo, Male,0.0,0.0,40.0, Mexico, >50K
38.0, ?,369677.94, Doctorate,7.0, Divorced, Farming-fishing, Unmarried, Amer-Indian-Eskimo, Male,0.0,0.0,48.0, Mexico, >50K
31.0, ?,373913.06, Doctorate,7.0, Divorced, Farming-fishing, Unmarried, Amer-Indian-Eskimo, Male,0.0,0.0,40.0, Mexico, >50K
36.0, ?,367617.16, Doctorate,4.0, Divorced, Other-service, Unmarried, Amer-Indian-Eskimo, Male,0.0,0.0,40.0, Mexico, >50K
